id,title,views,views_below_3s,retention_rate
v1,Vídeo 1,13624,9662,29.08103347034645
v2,Vídeo 2,5583,4198,24.80745119111589
v3,Vídeo 3,5919,4260,28.028383172833248
v4,Vídeo 4,14199,3601,74.63905908866822
v5,Vídeo 5,22524,5287,76.52725981175634
v6,Vídeo 6,26807,4422,83.50430857611818
v7,Vídeo 7,20611,2715,86.82742225025471
v8,Vídeo 8,20710,2600,87.44567841622406
v9,Vídeo 9,20637,2424,88.25410670155546
v10,Vídeo 10,15897,3611,77.28502233125747
